Workbook

Sheet Resumen de exportación
B3: Este documento se ha exportado de Numbers. Cada tabla se ha convertido en una hoja de cálculo de Excel. Los demás objetos de las hojas de Numbers se han colocado en distintas hojas de cálculo. Recuerda que el cálculo de fórmulas puede ser diferente en Excel.
B7: Nombre de hoja de Numbers | C7: Nombre de tabla de Numbers | D7: Nombre de hoja de cálculo de Excel
B9: Diari Miccional
C10: Tabla 1 | D10: Diari Miccional - Tabla 1
C11: DIARI MICCIONAL | D11: Diari Miccional - DIARI MICCION
C12: “Todos los dibujos de la hoja” | D12: Diari Miccional - Dibujos

Sheet Diari Miccional - Tabla 1
A1: DIARI MICCIONAL | C1: PACIENT | N1: Data
A2: Alçar-se del llit | F2: Anar a dormir
A4: BEGUT | B4: ='Diari Miccional - DIARI MICCION'!F27 -> 0 | C4: ml | D4: en | E4: ='Diari Miccional - DIARI MICCION'!F1 -> 0 | F4: INGESTES | H4: PÈRDUES | I4: ='Diari Miccional - DIARI MICCION'!J27+'Diari Miccional - DIARI MICCION'!K27+'Diari Miccional - DIARI MICCION'!L27 -> 0 | J4: URGENTS | K4: ='Diari Miccional - DIARI MICCION'!O27+'Diari Miccional - DIARI MICCION'!P27+'Diari Miccional - DIARI MICCION'!Q27 -> 0
A5: PIXAT | B5: ='Diari Miccional - DIARI MICCION'!G27 -> 0 | C5: ml | D5: en | E5: ='Diari Miccional - DIARI MICCION'!H1 -> 0 | F5: MICCIONS | H5: MUDES | I5: ='Diari Miccional - DIARI MICCION'!S27+'Diari Miccional - DIARI MICCION'!T27+'Diari Miccional - DIARI MICCION'!U27 -> 0 | J5: FENT? | K5: ='Diari Miccional - DIARI MICCION'!W27+'Diari Miccional - DIARI MICCION'!X27+'Diari Miccional - DIARI MICCION'!Y27+'Diari Miccional - DIARI MICCION'!Z27 -> 0
A6: DIFERÈNCIA | B6: =B4-B5 -> 0 | C6: ml

Sheet Diari Miccional - DIARI MICCION
A1: HORA | B1: LÍQUID INGERIT | F1: =COUNTIF(F2:F26,">0") -> 0 | G1: MICCIÓ | H1: =COUNTIF(G2:H26,">0") -> 0 | I1: PÈRDUA | M1: URGÈNCIA | R1: MUDA | V1: QUÈ FEIA?
A2: hh:mm | B2: Aigua | C2: Cafè | D2: Alcohol | E2: Menjar | F2: ml | G2: ml | I2: 0 | J2: 1 | K2: 2 | L2: 3 | M2: 0 | N2: 1 | O2: 2 | P2: 3 | Q2: 4 | R2: 0 | S2: 1 | T2: 2 | U2: 3 | V2: 0 | W2: 1 | X2: 2 | Y2: 3 | Z2: 4
A3: 41375 | F3: =SUM(B3:E3) -> 0
A4: 41375.042 | F4: =SUM(B4:E4) -> 0
A5: 41375.083 | F5: =SUM(B5:E5) -> 0
A6: 41375.125 | F6: =SUM(B6:E6) -> 0
A7: 41375.167 | F7: =SUM(B7:E7) -> 0
A8: 41375.208 | F8: =SUM(B8:E8) -> 0
A9: 41375.25 | F9: =SUM(B9:E9) -> 0
A10: 41375.292 | F10: =SUM(B10:E10) -> 0
A11: 41375.333 | F11: =SUM(B11:E11) -> 0
A12: 41375.375 | F12: =SUM(B12:E12) -> 0
A13: 41375.417 | F13: =SUM(B13:E13) -> 0
A14: 41375.458 | F14: =SUM(B14:E14) -> 0
... A26: 41375.958 | F26: =SUM(B26:E26) -> 0
A27: TOTALS | B27: =SUM(B3:B26) -> 0 | C27: =SUM(C3:C26) -> 0 | D27: =SUM(D3:D26) -> 0 | E27: =SUM(E3:E26) -> 0 | F27: =SUM(F3:F26) -> 0 | G27: =SUM(G3:G26) -> 0 | I27: =COUNTA(I3:I26) -> 0 | J27: =COUNTA(J3:J26) -> 0 | K27: =COUNTA(K3:K26) -> 0 | L27: =COUNTA(L3:L26) -> 0 | M27: =COUNTA(M3:M26) -> 0 | N27: =COUNTA(N3:N26) -> 0 | O27: =COUNTA(O3:O26) -> 0 | P27: =COUNTA(P3:P26) -> 0 | ... Z27: =COUNTA(Z3:Z26) -> 0

Sheet Diari Miccional - Dibujos
